[
  {
    "CID": 1,
    "LONGITUDE": 2.349014,
    "LATITUDE": 48.864716,
    "CITY": "Paris",
    "COUNTRY": "France" ,
    "CLIMATE": "Temperate",
    "REGION": "Eastern Europe",
    "BEACH": false,
    "HIKING": false,
    "URBAN": true,
    "PRIMARY_LANGUAGE": "French",
    "THEME_PARK": false,
    "WITHIN_US": false,
    "LOCID": "paris"
  },

  {
    "CID": 2,
    "LONGITUDE": -151.770538,
    "LATITUDE": -16.499701,
    "CITY": "Bora Bora",
    "COUNTRY": "French Polynesia" ,
    "CLIMATE": "Tropical",
    "REGION": "Pacific Islands",
    "BEACH": true,
    "HIKING": true,
    "URBAN": false,
    "PRIMARY_LANGUAGE": "French",
    "THEME_PARK": false,
    "WITHIN_US": false,
    "LOCID": "borabora"
  },

  {
    "CID": 3,
    "LONGITUDE": -156.331924,
    "LATITUDE": 20.798363,
    "CITY": "Maui",
    "COUNTRY": "United States" ,
    "CLIMATE": "Tropical",
    "REGION": "Pacific Islands",
    "BEACH": true,
    "HIKING": true,
    "URBAN": false,
    "PRIMARY_LANGUAGE": "English",
    "THEME_PARK": false,
    "WITHIN_US": true,
    "LOCID": "maui"
  },

  {
    "CID": 4,
    "LONGITUDE": -0.118092,
    "LATITUDE": 51.509865,
    "CITY": "London",
    "COUNTRY": "United Kingdom" ,
    "CLIMATE": "Temperate",
    "REGION": "Eastern Europe",
    "BEACH": false,
    "HIKING": false,
    "URBAN": true,
    "PRIMARY_LANGUAGE": "English",
    "THEME_PARK": false,
    "WITHIN_US": false,
    "LOCID": "london"
  },
  {
    "CID": 5,
    "LONGITUDE": -149.569595,
    "LATITUDE": -17.535000,
    "CITY": "Tahiti",
    "COUNTRY": "French Polynesia",
    "CLIMATE": "Tropical",
    "REGION": "Pacific Islands",
    "BEACH": true,
    "HIKING": true,
    "URBAN": false,
    "PRIMARY_LANGUAGE": "French",
    "THEME_PARK": false,
    "WITHIN_US": false,
    "LOCID": "tahiti"
  },
  {
    "CID": 6,
    "LONGITUDE": 12.496366,
    "LATITUDE": 41.902782,
    "CITY": "Rome",
    "COUNTRY": "Italy",
    "CLIMATE": "Mediterranean",
    "REGION": "Eastern Europe",
    "BEACH": false,
    "HIKING": false,
    "URBAN": true,
    "PRIMARY_LANGUAGE": "Italian",
    "THEME_PARK": false,
    "WITHIN_US": false,
    "LOCID": "rome"
  },
  {
    "CID": 7,
    "LONGITUDE": 98.398392,
    "LATITUDE": 7.878978,
    "CITY": "Phuket",
    "COUNTRY": "Thailand",
    "CLIMATE": "Tropical",
    "REGION": "Asia",
    "BEACH": true,
    "HIKING": true,
    "URBAN": false,
    "PRIMARY_LANGUAGE": "Thai",
    "THEME_PARK": false,
    "WITHIN_US": false,
    "LOCID": "phucket"
  },
  {
    "CID": 8,
    "LONGITUDE": 139.839478,
    "LATITUDE": 35.652832,
    "CITY": "Tokyo",
    "COUNTRY": "Japan",
    "CLIMATE": "Subtropical",
    "REGION": "Asia",
    "BEACH": false,
    "HIKING": false,
    "URBAN": true,
    "PRIMARY_LANGUAGE": "Japanese",
    "THEME_PARK": false,
    "WITHIN_US": false,
    "LOCID": "tokyo"
  },
  {
    "CID": 9,
    "LONGITUDE": -136.900208,
    "LATITUDE": 58.665806,
    "CITY": "Glacier National Park",
    "COUNTRY": "United States",
    "CLIMATE": "Continental",
    "REGION": "North America",
    "BEACH": false,
    "HIKING": true,
    "URBAN": false,
    "PRIMARY_LANGUAGE": "English",
    "THEME_PARK": false,
    "WITHIN_US": true,
    "LOCID": "glacier"
  },
  {
    "CID": 10,
    "LONGITUDE": 2.154007,
    "LATITUDE": 41.390205,
    "CITY": "Barcelona",
    "COUNTRY": "Spain",
    "CLIMATE": "Mediterranean",
    "REGION": "Eastern Europe",
    "BEACH": true,
    "HIKING": false,
    "URBAN": true,
    "PRIMARY_LANGUAGE": "Spanish",
    "THEME_PARK": false,
    "WITHIN_US": false,
    "LOCID": "barcelona"
  },
  {
    "CID": 11,
    "LONGITUDE": 73.15014167,
    "LATITUDE": -0.69059166,
    "CITY": "Addu Atoll",
    "COUNTRY": "Maldives",
    "CLIMATE": "Tropical",
    "REGION": "Indian Ocean",
    "BEACH": true,
    "HIKING": true,
    "URBAN": false,
    "PRIMARY_LANGUAGE": "Dhivehi",
    "THEME_PARK": false,
    "WITHIN_US": false,
    "LOCID": "adduatoll"
  },
  {
    "CID": 12,
    "LONGITUDE": -115.565704,
    "LATITUDE": 51.180202,
    "CITY": "Banff",
    "COUNTRY": "Canada",
    "CLIMATE": "Subarctic",
    "REGION": "North America",
    "BEACH": false,
    "HIKING": true,
    "URBAN": false,
    "PRIMARY_LANGUAGE": "English",
    "THEME_PARK": false,
    "WITHIN_US": false,
    "LOCID": "banff"
  },
  {
    "CID": 13,
    "LONGITUDE":  -73.935242,
    "LATITUDE": 40.730610,
    "CITY": "New York City",
    "COUNTRY": "United States",
    "CLIMATE": "Temperate",
    "REGION": "North America",
    "BEACH": false,
    "HIKING": false,
    "URBAN": true,
    "PRIMARY_LANGUAGE": "English",
    "THEME_PARK": false,
    "WITHIN_US": true,
    "LOCID": "newyorkcity"
  },
  {
    "CID": 14,
    "LONGITUDE": 115.188919,
    "LATITUDE": -8.409518,
    "CITY": "Bali",
    "COUNTRY": "Indonesia",
    "CLIMATE": "Tropical",
    "REGION": "Indian Ocean",
    "BEACH": true,
    "HIKING": true,
    "URBAN": false,
    "PRIMARY_LANGUAGE": "Bahasa Indonesia",
    "THEME_PARK": false,
    "WITHIN_US": false,
    "LOCID": "bali"
  },
  {
    "CID": 15,
    "LONGITUDE": -112.125092,
    "LATITUDE": 36.056595,
    "CITY": "Grand Canyon",
    "COUNTRY": "United States",
    "CLIMATE": "Arid",
    "REGION": "North America",
    "BEACH": false,
    "HIKING": true,
    "URBAN": false,
    "PRIMARY_LANGUAGE": "English",
    "THEME_PARK": false,
    "WITHIN_US": true,
    "LOCID": "grandcanyon"
  },
  {
    "CID": 16,
    "LONGITUDE": 151.209900,
    "LATITUDE": -33.865143,
    "CITY": "Sydney",
    "COUNTRY": "Australia",
    "CLIMATE": "Subtropical",
    "REGION": "Australia",
    "BEACH": true,
    "HIKING": true,
    "URBAN": true,
    "PRIMARY_LANGUAGE": "English",
    "THEME_PARK": false,
    "WITHIN_US": false,
    "LOCID": "sydney"
  },
  {
    "CID": 17,
    "LONGITUDE": -72.545128,
    "LATITUDE": -13.163068,
    "CITY": "Machu Picchu",
    "COUNTRY": "Peru",
    "CLIMATE": "Tropical",
    "REGION": "South America",
    "BEACH": false,
    "HIKING": true,
    "URBAN": false,
    "PRIMARY_LANGUAGE": "Spanish",
    "THEME_PARK": false,
    "WITHIN_US": false,
    "LOCID": "machupicchu"
  },
  {
    "CID": 18,
    "LONGITUDE": 55.296249,
    "LATITUDE": 25.276987,
    "CITY": "Dubai",
    "COUNTRY": "United Arab Emirates",
    "CLIMATE": "Arid",
    "REGION": "Middle East",
    "BEACH": true,
    "HIKING": false,
    "URBAN": true,
    "PRIMARY_LANGUAGE": "Arabic",
    "THEME_PARK": false,
    "WITHIN_US": false,
    "LOCID": "dubai"
  },
  {
    "CID": 19,
    "LONGITUDE": -119.538330,
    "LATITUDE": 37.865101,
    "CITY": "Yosemite National Park",
    "COUNTRY": "United States",
    "CLIMATE": "Mediterranean",
    "REGION": "North America",
    "BEACH": false,
    "HIKING": true,
    "URBAN": false,
    "PRIMARY_LANGUAGE": "English",
    "THEME_PARK": false,
    "WITHIN_US": true,
    "LOCID": "yosemite"
  },
  {
    "CID": 20,
    "LONGITUDE": 11.255814,
    "LATITUDE": 43.769562,
    "CITY": "Florence",
    "COUNTRY": "Italy",
    "CLIMATE": "Mediterranean",
    "REGION": "Eastern Europe",
    "BEACH": false,
    "HIKING": false,
    "URBAN": true,
    "PRIMARY_LANGUAGE": "Italian",
    "THEME_PARK": false,
    "WITHIN_US": false,
    "LOCID": "florence"
  },
  {
    "CID": 21,
    "LONGITUDE": 25.461510,
    "LATITUDE": 36.393154,
    "CITY": "Santorini",
    "COUNTRY": "Greece",
    "CLIMATE": "Mediterranean",
    "REGION": "Eastern Europe",
    "BEACH": true,
    "HIKING": true,
    "URBAN": false,
    "PRIMARY_LANGUAGE": "Greek",
    "THEME_PARK": false,
    "WITHIN_US": false,
    "LOCID": "santorini"
  },
  {
    "CID": 22,
    "LONGITUDE": -110.588516,
    "LATITUDE": 44.423691,
    "CITY": "Yellowstone",
    "COUNTRY": "United States",
    "CLIMATE": "Continental",
    "REGION": "North America",
    "BEACH": false,
    "HIKING": true,
    "URBAN": false,
    "PRIMARY_LANGUAGE": "English",
    "THEME_PARK": false,
    "WITHIN_US": true,
    "LOCID": "yellowstone"
  },
  {
    "CID": 23,
    "LONGITUDE": -79.347015,
    "LATITUDE": 43.651070,
    "CITY": "Toronto",
    "COUNTRY": "Canada",
    "CLIMATE": "Continental",
    "REGION": "North America",
    "BEACH": false,
    "HIKING": false,
    "URBAN": true,
    "PRIMARY_LANGUAGE": "English",
    "THEME_PARK": false,
    "WITHIN_US": false,
    "LOCID": "toronto"
  },
  {
    "CID": 24,
    "LONGITUDE": -122.431297,
    "LATITUDE": 37.773972,
    "CITY": "San Francisco",
    "COUNTRY": "United States",
    "CLIMATE": "Mediterranean",
    "REGION": "North America",
    "BEACH": true,
    "HIKING": true,
    "URBAN": true,
    "PRIMARY_LANGUAGE": "English",
    "THEME_PARK": false,
    "WITHIN_US": true,
    "LOCID": "sanfrancisco"
  },
  {
    "CID": 25,
    "LONGITUDE": -86.851528,
    "LATITUDE": 21.161908,
    "CITY": "Cancun",
    "COUNTRY": "Mexico",
    "CLIMATE": "Tropical",
    "REGION": "North America",
    "BEACH": true,
    "HIKING": true,
    "URBAN": false,
    "PRIMARY_LANGUAGE": "Spanish",
    "THEME_PARK": false,
    "WITHIN_US": false,
    "LOCID": "cancun"
  },
  {
    "CID": 26,
    "LONGITUDE": 14.601766,
    "LATITUDE": 40.6333329,
    "CITY": "Amalfi Coast",
    "COUNTRY": "Italy",
    "CLIMATE": "Mediterranean",
    "REGION": "Eastern Europe",
    "BEACH": true,
    "HIKING": true,
    "URBAN": false,
    "PRIMARY_LANGUAGE": "Italian",
    "THEME_PARK": false,
    "WITHIN_US": false,
    "LOCID": "amalficoast"
  },
  {
    "CID": 27,
    "LONGITUDE": -73.000000,
    "LATITUDE": -51.000000,
    "CITY": "Argentine Patagonia",
    "COUNTRY": "Argentina",
    "CLIMATE": "Arid",
    "REGION": "South America",
    "BEACH": false,
    "HIKING": true,
    "URBAN": false,
    "PRIMARY_LANGUAGE": "Spanish",
    "THEME_PARK": false,
    "WITHIN_US": false,
    "LOCID": "argentinepatagonia"
  },
  {
    "CID": 28,
    "LONGITUDE": 4.897070,
    "LATITUDE": 52.377956,
    "CITY": "Amsterdam",
    "COUNTRY": "Netherlands",
    "CLIMATE": "Maritime",
    "REGION": "Eastern Europe",
    "BEACH": false,
    "HIKING": false,
    "URBAN": true,
    "PRIMARY_LANGUAGE": "Dutch",
    "THEME_PARK": false,
    "WITHIN_US": false,
    "LOCID": "amsterdam"
  },
  {
    "CID": 29,
    "LONGITUDE": -43.196388,
    "LATITUDE": -22.908333,
    "CITY": "Rio de Janeiro",
    "COUNTRY": "Brazil",
    "CLIMATE": "Tropical",
    "REGION": "South America",
    "BEACH": true,
    "HIKING": true,
    "URBAN": true,
    "PRIMARY_LANGUAGE": "Portuguese",
    "THEME_PARK": false,
    "WITHIN_US": false,
    "LOCID": "riodejaneiro"
  },
  {
    "CID": 30,
    "LONGITUDE": -90.071533,
    "LATITUDE": 29.951065,
    "CITY": "New Orleans",
    "COUNTRY": "United States",
    "CLIMATE": "Subtropical",
    "REGION": "North America",
    "BEACH": false,
    "HIKING": false,
    "URBAN": true,
    "PRIMARY_LANGUAGE": "English",
    "THEME_PARK": false,
    "WITHIN_US": true,
    "LOCID": "neworleans"
  },
  {
    "CID": 31,
    "LONGITUDE": 39.298569,
    "LATITUDE": -5.725856,
    "CITY": "Zanzibar",
    "COUNTRY": "Tanzania",
    "CLIMATE": "Tropical",
    "REGION": "Indian Ocean",
    "BEACH": true,
    "HIKING": true,
    "URBAN": false,
    "PRIMARY_LANGUAGE": "Swahili",
    "THEME_PARK": false,
    "WITHIN_US": false,
    "LOCID": "zanzibar"
  },
  {
    "CID": 32,
    "LONGITUDE": -122.071017,
    "LATITUDE": 37.426157,
    "CITY": "Swiss Alps",
    "COUNTRY": "Switzerland",
    "CLIMATE": "Temperate",
    "REGION": "Eastern Europe",
    "BEACH": false,
    "HIKING": true,
    "URBAN": false,
    "PRIMARY_LANGUAGE": "German",
    "THEME_PARK": false,
    "WITHIN_US": false,
    "LOCID": "swissalps"
  },
  {
    "CID": 33,
    "LONGITUDE": -122.071017,
    "LATITUDE": 37.426157,
    "CITY": "Victoria Falls",
    "COUNTRY": "Zambia",
    "CLIMATE": "Tropical",
    "REGION": "Africa",
    "BEACH": false,
    "HIKING": true,
    "URBAN": false,
    "PRIMARY_LANGUAGE": "English",
    "THEME_PARK": false,
    "WITHIN_US": false,
    "LOCID": "victoriafalls"
  },
  {
    "CID": 34,
    "LONGITUDE": -122.071017,
    "LATITUDE": 37.426157,
    "CITY": "Vancouver",
    "COUNTRY": "Canada",
    "CLIMATE": "Maritime",
    "REGION": "North America",
    "BEACH": false,
    "HIKING": true,
    "URBAN": true,
    "PRIMARY_LANGUAGE": "English",
    "THEME_PARK": false,
    "WITHIN_US": false,
    "LOCID": "vancouver"
  },
  {
    "CID": 35,
    "LONGITUDE": -122.071017,
    "LATITUDE": 37.426157,
    "CITY": "Turks and Caicos",
    "COUNTRY": "British Overseas Territory",
    "CLIMATE": "Tropical",
    "REGION": "North America",
    "BEACH": true,
    "HIKING": true,
    "URBAN": false,
    "PRIMARY_LANGUAGE": "English",
    "THEME_PARK": false,
    "WITHIN_US": false,
    "LOCID": "turksandcaicos"
  },
  {
    "CID": 36,
    "LONGITUDE": -87.073885,
    "LATITUDE": 20.629559,
    "CITY": "Playa del Carmen",
    "COUNTRY": "Mexico",
    "CLIMATE": "Tropical",
    "REGION": "North America",
    "BEACH": true,
    "HIKING": false,
    "URBAN": false,
    "PRIMARY_LANGUAGE": "Spanish",
    "THEME_PARK": false,
    "WITHIN_US": false,
    "LOCID": "playadelcarmen"
  },
  {
    "CID": 37,
    "LONGITUDE": -87.430588,
    "LATITUDE": 20.214788,
    "CITY": "Tulum",
    "COUNTRY": "Mexico",
    "CLIMATE": "Tropical",
    "REGION": "North America",
    "BEACH": true,
    "HIKING": true,
    "URBAN": false,
    "PRIMARY_LANGUAGE": "Spanish",
    "THEME_PARK": false,
    "WITHIN_US": false,
    "LOCID": "tulum"
  },
  {
    "CID": 38,
    "LONGITUDE": -81.563873,
    "LATITUDE": 28.385233,
    "CITY": "Walt Disney World",
    "COUNTRY": "United States",
    "CLIMATE": "Subtropical",
    "REGION": "North America",
    "BEACH": false,
    "HIKING": false,
    "URBAN": false,
    "PRIMARY_LANGUAGE": "English",
    "THEME_PARK": true,
    "WITHIN_US": true,
    "LOCID": "waltdisneyworld"
  },
  {
    "CID": 39,
    "LONGITUDE": -117.918976,
    "LATITUDE": 33.812511,
    "CITY": "Disneyland",
    "COUNTRY": "United States",
    "CLIMATE": "Mediterranean",
    "REGION": "North America",
    "BEACH": false,
    "HIKING": false,
    "URBAN": false,
    "PRIMARY_LANGUAGE": "English",
    "THEME_PARK": true,
    "WITHIN_US": true,
    "LOCID": "disneyland"
  },
  {
    "CID": 40,
    "LONGITUDE": 2.784018,
    "LATITUDE": 48.867374,
    "CITY": "Disneyland Paris",
    "COUNTRY": "France",
    "CLIMATE": "Temperate",
    "REGION": "Eastern Europe",
    "BEACH": false,
    "HIKING": false,
    "URBAN": false,
    "PRIMARY_LANGUAGE": "France",
    "THEME_PARK": true,
    "WITHIN_US": false,
    "LOCID": "disneylandparis"
  },
  {
    "CID": 41,
    "LONGITUDE": -76.650589,
    "LATITUDE": 40.285519,
    "CITY": "Hersheypark",
    "COUNTRY": "United States",
    "CLIMATE": "Temperate",
    "REGION": "North America",
    "BEACH": false,
    "HIKING": false,
    "URBAN": false,
    "PRIMARY_LANGUAGE": "English",
    "THEME_PARK": true,
    "WITHIN_US": true,
    "LOCID": "hersheypark"
  },
  {
    "CID": 42,
    "LONGITUDE": 12.568337,
    "LATITUDE": 55.676097,
    "CITY": "Tivoli Gardens",
    "COUNTRY": "Denmark",
    "CLIMATE": "Maritime",
    "REGION": "Eastern Europe",
    "BEACH": false,
    "HIKING": false,
    "URBAN": false,
    "PRIMARY_LANGUAGE": "Danish",
    "THEME_PARK": true,
    "WITHIN_US": false,
    "LOCID": "tivoligardens"
  },
  {
    "CID": 43,
    "LONGITUDE": 7.722167,
    "LATITUDE": 48.26946,
    "CITY": "Europa-Park",
    "COUNTRY": "Germany",
    "CLIMATE": "Temperate",
    "REGION": "Eastern Europe",
    "BEACH": false,
    "HIKING": false,
    "URBAN": false,
    "PRIMARY_LANGUAGE": "German",
    "THEME_PARK": true,
    "WITHIN_US": false,
    "LOCID": "europapark"
  },
  {
    "CID": 44,
    "LONGITUDE": -71.057083,
    "LATITUDE": 42.361145,
    "CITY": "Boston",
    "COUNTRY": "United States",
    "CLIMATE": "Temperate",
    "REGION": "North America",
    "BEACH": false,
    "HIKING": false,
    "URBAN": true,
    "PRIMARY_LANGUAGE": "English",
    "THEME_PARK": false,
    "WITHIN_US": true,
    "LOCID": "boston"
  },
  {
    "CID": 45,
    "LONGITUDE": -122.335167,
    "LATITUDE": 47.608013,
    "CITY": "Seattle",
    "COUNTRY": "United States",
    "CLIMATE": "Temperate",
    "REGION": "North America",
    "BEACH": false,
    "HIKING": false,
    "URBAN": true,
    "PRIMARY_LANGUAGE": "English",
    "THEME_PARK": false,
    "WITHIN_US": true,
    "LOCID": "seattle"
  },
  {
    "CID": 46,
    "LONGITUDE": -104.991531,
    "LATITUDE": 39.742043,
    "CITY": "Denver",
    "COUNTRY": "United States",
    "CLIMATE": "SemiArid",
    "REGION": "North America",
    "BEACH": false,
    "HIKING": false,
    "URBAN": true,
    "PRIMARY_LANGUAGE": "English",
    "THEME_PARK": false,
    "WITHIN_US": true,
    "LOCID": "denver"
  },
  {
    "CID": 47,
    "LONGITUDE": -105.522087,
    "LATITUDE": 40.377010,
    "CITY": "Estes Park",
    "COUNTRY": "United States",
    "CLIMATE": "SemiArid",
    "REGION": "North America",
    "BEACH": false,
    "HIKING": true,
    "URBAN": false,
    "PRIMARY_LANGUAGE": "English",
    "THEME_PARK": false,
    "WITHIN_US": true,
    "LOCID": "estespark"
  },
  {
    "CID": 48,
    "LONGITUDE": 12.327145,
    "LATITUDE": 45.438759,
    "CITY": "Venice",
    "COUNTRY": "Italy",
    "CLIMATE": "Subtropical",
    "REGION": "North America",
    "BEACH": false,
    "HIKING": false,
    "URBAN": true,
    "PRIMARY_LANGUAGE": "Italian",
    "THEME_PARK": false,
    "WITHIN_US": false,
    "LOCID": "venice"
  },
  {
    "CID": 49,
    "LONGITUDE": 15.600487,
    "LATITUDE": 44.870750,
    "CITY": "Plitvice Lakes",
    "COUNTRY": "Croatia",
    "CLIMATE": "Mediterranean",
    "REGION": "Eastern Europe",
    "BEACH": false,
    "HIKING": true,
    "URBAN": false,
    "PRIMARY_LANGUAGE": "Croatian",
    "THEME_PARK": false,
    "WITHIN_US": false,
    "LOCID": "plitvicelakes"
  },
  {
    "CID": 50,
    "LONGITUDE": 15.600487,
    "LATITUDE": 44.870750,
    "CITY": "Petra",
    "COUNTRY": "Jordan",
    "CLIMATE": "Arid",
    "REGION": "Asia",
    "BEACH": false,
    "HIKING": true,
    "URBAN": false,
    "PRIMARY_LANGUAGE": "Arabic",
    "THEME_PARK": false,
    "WITHIN_US": false,
    "LOCID": "petra"
  },
  {
    "CID": 51,
    "LONGITUDE": -6.266155,
    "LATITUDE": 53.350140,
    "CITY": "Dublin",
    "COUNTRY": "Ireland",
    "CLIMATE": "Maritime",
    "REGION": "Eastern Europe",
    "BEACH": false,
    "HIKING": false,
    "URBAN": true,
    "PRIMARY_LANGUAGE": "English",
    "THEME_PARK": false,
    "WITHIN_US": false,
    "LOCID": "dublin"
  },
  {
    "CID": 52,
    "LONGITUDE": 15.600487,
    "LATITUDE": 44.870750,
    "CITY": "Edinburgh",
    "COUNTRY": "Scotland",
    "CLIMATE": "Maritime",
    "REGION": "Eastern Europe",
    "BEACH": false,
    "HIKING": false,
    "URBAN": true,
    "PRIMARY_LANGUAGE": "English",
    "THEME_PARK": false,
    "WITHIN_US": false,
    "LOCID": "edinburgh"
  }
]